{
  "generatedAt": "2025-09-01T12:33:55.744Z",
  "durationSec": 30,
  "seeds": [
    1,
    2,
    3
  ],
  "mode": "NORMAL",
  "autoUpgrade": true,
  "scenarios": {
    "class-only": {
      "wasteland_scavenger": {
        "meanSurvival": 30.000059999998566,
        "meanKills": 5,
        "meanLevel": 1
      },
      "tech_warrior": {
        "meanSurvival": 30.000059999998566,
        "meanKills": 15,
        "meanLevel": 1.3333333333333333
      },
      "heavy_gunner": {
        "meanSurvival": 30.000059999998566,
        "meanKills": 9.333333333333334,
        "meanLevel": 1.6666666666666667
      },
      "cyber_runner": {
        "meanSurvival": 30.000059999998566,
        "meanKills": 8.666666666666666,
        "meanLevel": 1.3333333333333333
      },
      "bio_engineer": {
        "meanSurvival": 30.000059999998566,
        "meanKills": 0,
        "meanLevel": 1
      },
      "data_sorcerer": {
        "meanSurvival": 30.000059999998566,
        "meanKills": 9.666666666666666,
        "meanLevel": 1.3333333333333333
      },
      "ghost_operative": {
        "meanSurvival": 30.000059999998566,
        "meanKills": 0,
        "meanLevel": 1
      },
      "neural_nomad": {
        "meanSurvival": 30.000059999998566,
        "meanKills": 13.666666666666666,
        "meanLevel": 1
      },
      "psionic_weaver": {
        "meanSurvival": 30.000059999998566,
        "meanKills": 23.333333333333332,
        "meanLevel": 2
      },
      "rogue_hacker": {
        "meanSurvival": 30.000059999998566,
        "meanKills": 0,
        "meanLevel": 1
      },
      "shadow_operative": {
        "meanSurvival": 30.000059999998566,
        "meanKills": 0,
        "meanLevel": 1
      },
      "titan_mech": {
        "meanSurvival": 30.000059999998566,
        "meanKills": 10,
        "meanLevel": 1
      }
    },
    "guns+tri": {
      "wasteland_scavenger": {
        "meanSurvival": 30.000059999998566,
        "meanKills": 14.333333333333334,
        "meanLevel": 2
      },
      "tech_warrior": {
        "meanSurvival": 30.000059999998566,
        "meanKills": 18.666666666666668,
        "meanLevel": 2
      },
      "heavy_gunner": {
        "meanSurvival": 30.000059999998566,
        "meanKills": 12,
        "meanLevel": 1.6666666666666667
      },
      "cyber_runner": {
        "meanSurvival": 30.000059999998566,
        "meanKills": 13.666666666666666,
        "meanLevel": 1.6666666666666667
      },
      "bio_engineer": {
        "meanSurvival": 30.000059999998566,
        "meanKills": 9,
        "meanLevel": 1
      },
      "data_sorcerer": {
        "meanSurvival": 30.000059999998566,
        "meanKills": 12.333333333333334,
        "meanLevel": 1
      },
      "ghost_operative": {
        "meanSurvival": 30.000059999998566,
        "meanKills": 11.333333333333334,
        "meanLevel": 1.6666666666666667
      },
      "neural_nomad": {
        "meanSurvival": 30.000059999998566,
        "meanKills": 16.666666666666668,
        "meanLevel": 1.6666666666666667
      },
      "psionic_weaver": {
        "meanSurvival": 30.000059999998566,
        "meanKills": 23,
        "meanLevel": 1.6666666666666667
      },
      "rogue_hacker": {
        "meanSurvival": 30.000059999998566,
        "meanKills": 8.666666666666666,
        "meanLevel": 1
      },
      "shadow_operative": {
        "meanSurvival": 30.000059999998566,
        "meanKills": 10.333333333333334,
        "meanLevel": 1.6666666666666667
      },
      "titan_mech": {
        "meanSurvival": 30.000059999998566,
        "meanKills": 11.666666666666666,
        "meanLevel": 1
      }
    },
    "plasma+orbs": {
      "wasteland_scavenger": {
        "meanSurvival": 30.000059999998566,
        "meanKills": 4.333333333333333,
        "meanLevel": 1
      },
      "tech_warrior": {
        "meanSurvival": 30.000059999998566,
        "meanKills": 14.666666666666666,
        "meanLevel": 1.3333333333333333
      },
      "heavy_gunner": {
        "meanSurvival": 30.000059999998566,
        "meanKills": 9,
        "meanLevel": 1.3333333333333333
      },
      "cyber_runner": {
        "meanSurvival": 30.000059999998566,
        "meanKills": 8.666666666666666,
        "meanLevel": 1.6666666666666667
      },
      "bio_engineer": {
        "meanSurvival": 30.000059999998566,
        "meanKills": 0,
        "meanLevel": 1
      },
      "data_sorcerer": {
        "meanSurvival": 30.000059999998566,
        "meanKills": 9,
        "meanLevel": 1
      },
      "ghost_operative": {
        "meanSurvival": 30.000059999998566,
        "meanKills": 0.3333333333333333,
        "meanLevel": 1
      },
      "neural_nomad": {
        "meanSurvival": 30.000059999998566,
        "meanKills": 12,
        "meanLevel": 1.3333333333333333
      },
      "psionic_weaver": {
        "meanSurvival": 30.000059999998566,
        "meanKills": 22,
        "meanLevel": 2.3333333333333335
      },
      "rogue_hacker": {
        "meanSurvival": 30.000059999998566,
        "meanKills": 0.3333333333333333,
        "meanLevel": 1
      },
      "shadow_operative": {
        "meanSurvival": 30.000059999998566,
        "meanKills": 0,
        "meanLevel": 1
      },
      "titan_mech": {
        "meanSurvival": 30.000059999998566,
        "meanKills": 10.666666666666666,
        "meanLevel": 1
      }
    }
  }
}