{
  "generatedAt": "2025-09-14T11:46:57.882Z",
  "level": 7,
  "timeMinutes": 15,
  "config": {
    "level": 7,
    "timeMinutes": 15,
    "weights": {
      "BOSS": 0.3,
      "ELITE": 0.25,
      "HORDE": 0.45
    },
    "reliability": {
      "pHit": {
        "BOSS": 0.95,
        "ELITE": 0.92,
        "HORDE": 0.9
      },
      "pChain": {
        "BOSS": 0.2,
        "ELITE": 0.6,
        "HORDE": 0.9
      },
      "overlapEff": {
        "BOSS": 1,
        "ELITE": 0.9,
        "HORDE": 0.8
      },
      "uptime": {
        "BOSS": 0.9,
        "ELITE": 0.9,
        "HORDE": 0.85
      }
    },
    "density": {
      "rho": {
        "BOSS": 0,
        "ELITE": 0.000025,
        "HORDE": 0.000066
      },
      "enemyRadiusPx": 20
    },
    "survivability": {
      "kSurv": 0.5,
      "kSustain": 0.5,
      "ehpRef": 110,
      "hpmRef": 20,
      "clampMin": 0.9,
      "clampMax": 1.1
    }
  },
  "results": [
    {
      "operativeId": "titan_mech",
      "operativeName": "Titan Mech",
      "defaultWeapon": 17,
      "scenarios": {
        "BOSS": {
          "ST": 790.221096,
          "AOE": 0,
          "Control": 0,
          "SurviveScale": 0.9981818181818182,
          "PF": 788.7843303709091
        },
        "ELITE": {
          "ST": 650.47673376,
          "AOE": 344.37003552000004,
          "Control": 0,
          "SurviveScale": 0.9981818181818182,
          "PF": 993.0379569722181
        },
        "HORDE": {
          "ST": 353.519964,
          "AOE": 282.81597120000004,
          "Control": 0,
          "SurviveScale": 0.9981818181818182,
          "PF": 635.1789607723637
        }
      },
      "totalPF": 770.725320701891
    },
    {
      "operativeId": "bio_engineer",
      "operativeName": "Bio Engineer",
      "defaultWeapon": 11,
      "scenarios": {
        "BOSS": {
          "ST": 301.94496,
          "AOE": 0,
          "Control": 4.5291744,
          "SurviveScale": 0.9,
          "PF": 275.82672096
        },
        "ELITE": {
          "ST": 0,
          "AOE": 592.4947754618478,
          "Control": 0,
          "SurviveScale": 0.9,
          "PF": 533.2452979156631
        },
        "HORDE": {
          "ST": 0,
          "AOE": 1284.5973682477165,
          "Control": 0,
          "SurviveScale": 0.9,
          "PF": 1156.1376314229449
        }
      },
      "totalPF": 736.321274907241
    },
    {
      "operativeId": "ghost_operative",
      "operativeName": "Ghost Operative",
      "defaultWeapon": 16,
      "scenarios": {
        "BOSS": {
          "ST": 1111.0105125,
          "AOE": 0,
          "Control": 0,
          "SurviveScale": 0.9,
          "PF": 999.90946125
        },
        "ELITE": {
          "ST": 914.5370745,
          "AOE": 0,
          "Control": 0,
          "SurviveScale": 0.9,
          "PF": 823.08336705
        },
        "HORDE": {
          "ST": 497.03101875,
          "AOE": 0,
          "Control": 0,
          "SurviveScale": 0.9,
          "PF": 447.32791687499997
        }
      },
      "totalPF": 707.0412427312499
    },
    {
      "operativeId": "heavy_gunner",
      "operativeName": "Heavy Gunner",
      "defaultWeapon": 13,
      "scenarios": {
        "BOSS": {
          "ST": 1034.208,
          "AOE": 0,
          "Control": 0,
          "SurviveScale": 0.9,
          "PF": 930.7872000000001
        },
        "ELITE": {
          "ST": 851.3164800000001,
          "AOE": 0,
          "Control": 0,
          "SurviveScale": 0.9,
          "PF": 766.184832
        },
        "HORDE": {
          "ST": 462.672,
          "AOE": 0,
          "Control": 0,
          "SurviveScale": 0.9,
          "PF": 416.4048
        }
      },
      "totalPF": 658.164528
    },
    {
      "operativeId": "rogue_hacker",
      "operativeName": "Rogue Hacker",
      "defaultWeapon": 12,
      "scenarios": {
        "BOSS": {
          "ST": 857.6928,
          "AOE": 0,
          "Control": 128.65392,
          "SurviveScale": 0.9,
          "PF": 887.712048
        },
        "ELITE": {
          "ST": 706.0165995789474,
          "AOE": 0,
          "Control": 124.59116463157895,
          "SurviveScale": 0.9,
          "PF": 747.5469877894737
        },
        "HORDE": {
          "ST": 383.70467368421055,
          "AOE": 0,
          "Control": 115.11140210526317,
          "SurviveScale": 0.9,
          "PF": 448.93446821052635
        }
      },
      "totalPF": 655.2208720421054
    },
    {
      "operativeId": "psionic_weaver",
      "operativeName": "Psionic Weaver",
      "defaultWeapon": 14,
      "scenarios": {
        "BOSS": {
          "ST": 706.8113999999998,
          "AOE": 0,
          "Control": 33.926947199999994,
          "SurviveScale": 0.9,
          "PF": 666.6645124799999
        },
        "ELITE": {
          "ST": 684.4910399999999,
          "AOE": 0,
          "Control": 32.85556991999999,
          "SurviveScale": 0.9,
          "PF": 645.611948928
        },
        "HORDE": {
          "ST": 632.4101999999999,
          "AOE": 0,
          "Control": 30.355689599999994,
          "SurviveScale": 0.9,
          "PF": 596.4893006399999
        }
      },
      "totalPF": 629.8225262639999
    },
    {
      "operativeId": "wasteland_scavenger",
      "operativeName": "Wasteland Scavenger",
      "defaultWeapon": 25,
      "scenarios": {
        "BOSS": {
          "ST": 422.90899199999996,
          "AOE": 0,
          "Control": 54.89510399999998,
          "SurviveScale": 0.9,
          "PF": 430.0236864
        },
        "ELITE": {
          "ST": 290.1007296,
          "AOE": 105.35630489065858,
          "Control": 19.323532800000002,
          "SurviveScale": 1.1,
          "PF": 456.2586240197245
        },
        "HORDE": {
          "ST": 157.66343999999998,
          "AOE": 603.0411663584963,
          "Control": 6.139583999999999,
          "SurviveScale": 1.1,
          "PF": 843.528609394346
        }
      },
      "totalPF": 622.6596361523868
    },
    {
      "operativeId": "data_sorcerer",
      "operativeName": "Data Sorcerer",
      "defaultWeapon": 31,
      "scenarios": {
        "BOSS": {
          "ST": 732.2562,
          "AOE": 0,
          "Control": 0,
          "SurviveScale": 0.9,
          "PF": 659.0305800000001
        },
        "ELITE": {
          "ST": 709.13232,
          "AOE": 0,
          "Control": 0,
          "SurviveScale": 0.9,
          "PF": 638.219088
        },
        "HORDE": {
          "ST": 655.1766,
          "AOE": 0,
          "Control": 0,
          "SurviveScale": 0.9,
          "PF": 589.65894
        }
      },
      "totalPF": 622.6104690000001
    },
    {
      "operativeId": "shadow_operative",
      "operativeName": "Shadow Operative",
      "defaultWeapon": 19,
      "scenarios": {
        "BOSS": {
          "ST": 919.0585,
          "AOE": 0,
          "Control": 0,
          "SurviveScale": 0.9,
          "PF": 827.15265
        },
        "ELITE": {
          "ST": 756.53026,
          "AOE": 0,
          "Control": 0,
          "SurviveScale": 0.9,
          "PF": 680.877234
        },
        "HORDE": {
          "ST": 411.15775,
          "AOE": 0,
          "Control": 0,
          "SurviveScale": 0.9,
          "PF": 370.04197500000004
        }
      },
      "totalPF": 584.8839922500001
    },
    {
      "operativeId": "cyber_runner",
      "operativeName": "Cyber Runner",
      "defaultWeapon": 9,
      "scenarios": {
        "BOSS": {
          "ST": 911.9087999999999,
          "AOE": 0,
          "Control": 0,
          "SurviveScale": 0.9,
          "PF": 820.7179199999999
        },
        "ELITE": {
          "ST": 750.6449279999999,
          "AOE": 0,
          "Control": 0,
          "SurviveScale": 0.9,
          "PF": 675.5804352
        },
        "HORDE": {
          "ST": 407.95919999999995,
          "AOE": 0,
          "Control": 0,
          "SurviveScale": 0.9,
          "PF": 367.16328
        }
      },