{
  "generatedAt": "2025-09-01T15:11:50.289Z",
  "durationSec": 10,
  "seeds": [
    1,
    2,
    3
  ],
  "mode": "NORMAL",
  "summary": {
    "wasteland_scavenger": {
      "meanSurvival": 10.000020000000019,
      "meanKills": 1.6666666666666667,
      "meanLevel": 1
    },
    "tech_warrior": {
      "meanSurvival": 10.000020000000019,
      "meanKills": 5,
      "meanLevel": 1
    },
    "heavy_gunner": {
      "meanSurvival": 10.000020000000019,
      "meanKills": 4.333333333333333,
      "meanLevel": 1
    },
    "cyber_runner": {
      "meanSurvival": 10.000020000000019,
      "meanKills": 5,
      "meanLevel": 1
    },
    "bio_engineer": {
      "meanSurvival": 10.000020000000019,
      "meanKills": 0,
      "meanLevel": 1
    },
    "data_sorcerer": {
      "meanSurvival": 10.000020000000019,
      "meanKills": 1,
      "meanLevel": 1
    },
    "ghost_operative": {
      "meanSurvival": 10.000020000000019,
      "meanKills": 0,
      "meanLevel": 1
    },
    "neural_nomad": {
      "meanSurvival": 10.000020000000019,
      "meanKills": 4.666666666666667,
      "meanLevel": 1
    },
    "psionic_weaver": {
      "meanSurvival": 10.000020000000019,
      "meanKills": 9,
      "meanLevel": 1
    },
    "rogue_hacker": {
      "meanSurvival": 10.000020000000019,
      "meanKills": 0,
      "meanLevel": 1
    },
    "shadow_operative": {
      "meanSurvival": 10.000020000000019,
      "meanKills": 0,
      "meanLevel": 1
    },
    "titan_mech": {
      "meanSurvival": 10.000020000000019,
      "meanKills": 5,
      "meanLevel": 1
    }
  },
  "power": {
    "wasteland_scavenger": {
      "power": 24.907407407407405,
      "components": {
        "kpmN": 0.18518518518518523,
        "survivalN": 0.5,
        "levelN": 0.5,
        "orbN": 0,
        "dmgN": 0.5
      },
      "raw": {
        "durationSec": 10,
        "survivalSec": 10.000020000000019,
        "kills": 1.6666666666666667,
        "level": 1,
        "xpOrbsCollected": 0,
        "damageTaken": 0
      }
    },
    "tech_warrior": {
      "power": 45.43650793650794,
      "components": {
        "kpmN": 0.5555555555555556,
        "survivalN": 0.5,
        "levelN": 0.5,
        "orbN": 0.5714285714285714,
        "dmgN": 0.5
      },
      "raw": {
        "durationSec": 10,
        "survivalSec": 10.000020000000019,
        "kills": 5,
        "level": 1,
        "xpOrbsCollected": 1.3333333333333333,
        "damageTaken": 0
      }
    },
    "heavy_gunner": {
      "power": 41.044973544973544,
      "components": {
        "kpmN": 0.4814814814814814,
        "survivalN": 0.5,
        "levelN": 0.5,
        "orbN": 0.4285714285714286,
        "dmgN": 0.5
      },
      "raw": {
        "durationSec": 10,
        "survivalSec": 10.000020000000019,
        "kills": 4.333333333333333,
        "level": 1,
        "xpOrbsCollected": 1,
        "damageTaken": 0
      }
    },
    "cyber_runner": {
      "power": 44.00793650793651,
      "components": {
        "kpmN": 0.5555555555555556,
        "survivalN": 0.5,
        "levelN": 0.5,
        "orbN": 0.4285714285714286,
        "dmgN": 0.5
      },
      "raw": {
        "durationSec": 10,
        "survivalSec": 10.000020000000019,
        "kills": 5,
        "level": 1,
        "xpOrbsCollected": 1,
        "damageTaken": 0
      }
    },
    "bio_engineer": {
      "power": 17.5,
      "components": {
        "kpmN": 0,
        "survivalN": 0.5,
        "levelN": 0.5,
        "orbN": 0,
        "dmgN": 0.5
      },
      "raw": {
        "durationSec": 10,
        "survivalSec": 10.000020000000019,
        "kills": 0,
        "level": 1,
        "xpOrbsCollected": 0,
        "damageTaken": 0
      }
    },
    "data_sorcerer": {
      "power": 21.944444444444443,
      "components": {
        "kpmN": 0.1111111111111111,
        "survivalN": 0.5,
        "levelN": 0.5,
        "orbN": 0,
        "dmgN": 0.5
      },
      "raw": {
        "durationSec": 10,
        "survivalSec": 10.000020000000019,
        "kills": 1,
        "level": 1,
        "xpOrbsCollected": 0,
        "damageTaken": 0
      }
    },
    "ghost_operative": {
      "power": 17.5,
      "components": {
        "kpmN": 0,
        "survivalN": 0.5,
        "levelN": 0.5,
        "orbN": 0,
        "dmgN": 0.5
      },
      "raw": {
        "durationSec": 10,
        "survivalSec": 10.000020000000019,
        "kills": 0,
        "level": 1,
        "xpOrbsCollected": 0,
        "damageTaken": 0
      }
    },
    "neural_nomad": {
      "power": 39.66931216931217,
      "components": {
        "kpmN": 0.5185185185185185,
        "survivalN": 0.5,
        "levelN": 0.5,
        "orbN": 0.14285714285714285,
        "dmgN": 0.5
      },
      "raw": {
        "durationSec": 10,
        "survivalSec": 10.000020000000019,
        "kills": 4.666666666666667,
        "level": 1,
        "xpOrbsCollected": 0.3333333333333333,
        "damageTaken": 0
      }
    },
    "psionic_weaver": {
      "power": 67.5,
      "components": {
        "kpmN": 1,
        "survivalN": 0.5,
        "levelN": 0.5,
        "orbN": 1,
        "dmgN": 0.5
      },
      "raw": {
        "durationSec": 10,
        "survivalSec": 10.000020000000019,
        "kills": 9,
        "level": 1,
        "xpOrbsCollected": 2.3333333333333335,
        "damageTaken": 0
      }
    },
    "rogue_hacker": {
      "power": 17.5,
      "components": {
        "kpmN": 0,
        "survivalN": 0.5,
        "levelN": 0.5,
        "orbN": 0,
        "dmgN": 0.5
      },
      "raw": {
        "durationSec": 10,
        "survivalSec": 10.000020000000019,
        "kills": 0,
        "level": 1,
        "xpOrbsCollected": 0,
        "damageTaken": 0
      }
    },
    "shadow_operative": {
      "power": 17.5,
      "components": {
        "kpmN": 0,
        "survivalN": 0.5,
        "levelN": 0.5,
        "orbN": 0,
        "dmgN": 0.5
      },
      "raw": {
        "durationSec": 10,
        "survivalSec": 10.000020000000019,
        "kills": 0,
        "level": 1,
        "xpOrbsCollected": 0,
        "damageTaken": 0
      }
    },
    "titan_mech": {
      "power": 45.43650793650794,
      "components": {
        "kpmN": 0.5555555555555556,
        "survivalN": 0.5,
        "levelN": 0.5,
        "orbN": 0.5714285714285714,
        "dmgN": 0.5
      },
      "raw": {
        "durationSec": 10,
        "survivalSec": 10.000020000000019,
        "kills": 5,
        "level": 1,
        "xpOrbsCollected": 1.3333333333333333,
        "damageTaken": 0
      }
    }
  }
}