{
  "generatedAt": "2025-09-05T20:41:01.424Z",
  "level": 7,
  "timeMinutes": 15,
  "config": {
    "level": 7,
    "timeMinutes": 15,
    "weights": {
      "BOSS": 0.35,
      "ELITE": 0.25,
      "HORDE": 0.4
    },
    "reliability": {
      "pHit": {
        "BOSS": 0.95,
        "ELITE": 0.92,
        "HORDE": 0.9
      },
      "pChain": {
        "BOSS": 0.2,
        "ELITE": 0.6,
        "HORDE": 0.9
      },
      "overlapEff": {
        "BOSS": 1,
        "ELITE": 0.9,
        "HORDE": 0.8
      },
      "uptime": {
        "BOSS": 0.9,
        "ELITE": 0.9,
        "HORDE": 0.85
      }
    },
    "density": {
      "rho": {
        "BOSS": 0,
        "ELITE": 0.000025,
        "HORDE": 0.000066
      },
      "enemyRadiusPx": 20
    },
    "survivability": {
      "kSurv": 0.5,
      "kSustain": 0.5,
      "ehpRef": 110,
      "hpmRef": 20,
      "clampMin": 0.9,
      "clampMax": 1.1
    },
    "evaluateEvolved": true
  },
  "results": [
    {
      "operativeId": "rogue_hacker",
      "operativeName": "Rogue Hacker",
      "defaultWeapon": 38,
      "scenarios": {
        "BOSS": {
          "ST": 309.0351461538461,
          "AOE": 940.5,
          "Control": 52.48047613846154,
          "SurviveScale": 0.9,
          "PF": 1171.814060063077
        },
        "ELITE": {
          "ST": 254.38472030769228,
          "AOE": 2839.18702882569,
          "Control": 129.93001346360202,
          "SurviveScale": 0.9,
          "PF": 2901.1515863372856
        },
        "HORDE": {
          "ST": 138.25256538461537,
          "AOE": 6155.686659598887,
          "Control": 264.3454474493071,
          "SurviveScale": 0.9,
          "PF": 5902.456205189528
        }
      },
      "totalPF": 3496.4052996822097
    },
    {
      "operativeId": "ghost_operative",
      "operativeName": "Ghost Operative",
      "defaultWeapon": 36,
      "scenarios": {
        "BOSS": {
          "ST": 827.9050499999998,
          "AOE": 2258.5249764,
          "Control": 0,
          "SurviveScale": 0.9,
          "PF": 2777.78702376
        },
        "ELITE": {
          "ST": 801.76068,
          "AOE": 2730.476171808001,
          "Control": 0,
          "SurviveScale": 0.9,
          "PF": 3179.0131666272005
        },
        "HORDE": {
          "ST": 740.75715,
          "AOE": 2868.211684800001,
          "Control": 0,
          "SurviveScale": 0.9,
          "PF": 3248.071951320001
        }
      },
      "totalPF": 3066.2075305008
    },
    {
      "operativeId": "psionic_weaver",
      "operativeName": "Psionic Weaver",
      "defaultWeapon": 26,
      "scenarios": {
        "BOSS": {
          "ST": 0,
          "AOE": 1260.8115,
          "Control": 75.64869,
          "SurviveScale": 0.9,
          "PF": 1202.814171
        },
        "ELITE": {
          "ST": 0,
          "AOE": 1941.910868401665,
          "Control": 116.5146521040999,
          "SurviveScale": 0.9,
          "PF": 1852.5829684551884
        },
        "HORDE": {
          "ST": 0,
          "AOE": 4210.287911781001,
          "Control": 252.61727470686003,
          "SurviveScale": 0.9,
          "PF": 4016.614667839075
        }
      },
      "totalPF": 2490.7765690994274
    },
    {
      "operativeId": "titan_mech",
      "operativeName": "Titan Mech",
      "defaultWeapon": 39,
      "scenarios": {
        "BOSS": {
          "ST": 355.38186521739135,
          "AOE": 0,
          "Control": 0,
          "SurviveScale": 0.9981818181818182,
          "PF": 354.73571637154157
        },
        "ELITE": {
          "ST": 344.1592800000001,
          "AOE": 1057.0866323637276,
          "Control": 0,
          "SurviveScale": 0.9981818181818182,
          "PF": 1398.6981925230664
        },
        "HORDE": {
          "ST": 317.973247826087,
          "AOE": 2720.0903534726617,
          "Control": 0,
          "SurviveScale": 0.9981818181818182,
          "PF": 3032.5398492963873
        }
      },
      "totalPF": 1686.8479885793613
    },
    {
      "operativeId": "data_sorcerer",
      "operativeName": "Data Sorcerer",
      "defaultWeapon": 34,
      "scenarios": {
        "BOSS": {
          "ST": 622.5148862068966,
          "AOE": 1245.0297724137934,
          "Control": 22.410535903448274,
          "SurviveScale": 0.9,
          "PF": 1700.9596750717244
        },
        "ELITE": {
          "ST": 602.8565213793104,
          "AOE": 1024.8560863448279,
          "Control": 21.702834769655173,
          "SurviveScale": 0.9,
          "PF": 1484.4738982444142
        },
        "HORDE": {
          "ST": 556.9870034482759,
          "AOE": 1031.0943407834488,
          "Control": 20.051532124137932,
          "SurviveScale": 0.9,
          "PF": 1447.3195887202767
        }
      },
      "totalPF": 1545.3821963243176
    },
    {
      "operativeId": "heavy_gunner",
      "operativeName": "Heavy Gunner",
      "defaultWeapon": 29,
      "scenarios": {
        "BOSS": {
          "ST": 1755.9990000000003,
          "AOE": 0,
          "Control": 0,
          "SurviveScale": 0.9,
          "PF": 1580.3991000000003
        },
        "ELITE": {
          "ST": 1700.5464000000004,
          "AOE": 0,
          "Control": 0,
          "SurviveScale": 0.9,
          "PF": 1530.4917600000003
        },
        "HORDE": {
          "ST": 1571.1570000000002,
          "AOE": 0,
          "Control": 0,
          "SurviveScale": 0.9,
          "PF": 1414.0413
        }
      },
      "totalPF": 1501.3791450000003
    },
    {
      "operativeId": "wasteland_scavenger",
      "operativeName": "Wasteland Scavenger",
      "defaultWeapon": 21,
      "scenarios": {
        "BOSS": {
          "ST": 566.4670363636363,
          "AOE": 679.7604436363637,
          "Control": 27.190417745454546,
          "SurviveScale": 0.9,
          "PF": 1146.076107970909
        },
        "ELITE": {
          "ST": 466.29181309090916,
          "AOE": 848.0472272498017,
          "Control": 33.92188908999207,
          "SurviveScale": 0.9,
          "PF": 1213.4348364876325
        },
        "HORDE": {
          "ST": 253.4194636363636,
          "AOE": 1838.6647129937733,
          "Control": 73.54658851975093,
          "SurviveScale": 0.9,
          "PF": 1949.067688634899
        }
      },
      "totalPF": 1484.112422365686
    },
    {
      "operativeId": "cyber_runner",
      "operativeName": "Cyber Runner",
      "defaultWeapon": 27,
      "scenarios": {
        "BOSS": {
          "ST": 2222.7777,
          "AOE": 0,
          "Control": 0,
          "SurviveScale": 0.9,
          "PF": 2000.4999300000002
        },
        "ELITE": {
          "ST": 1829.697012,
          "AOE": 0,
          "Control": 0,
          "SurviveScale": 0.9,
          "PF": 1646.7273108000002
        },
        "HORDE": {
          "ST": 994.4005499999998,
          "AOE": 0,
          "Control": 0,
          "SurviveScale": 0.9,
          "PF": 894.9604949999999
        }
      },
      "totalPF": 1469.8410012
    },
    {
      "operativeId": "bio_engineer",
      "operativeName": "Bio Engineer",
      "defaultWeapon": 30,
      "scenarios": {
        "BOSS": {
          "ST": 1019.0258265600002,
          "AOE": 0,
          "Control": 15.285387398400005,
          "SurviveScale": 0.9,
          "PF": 930.8800925625602
        },
        "ELITE": {
          "ST": 0,
          "AOE": 1120.8152124675285,
          "Control": 16.812228187012927,
          "SurviveScale": 0.9,
          "PF": 1023.8646965890873
        },
        "HORDE": {
          "ST": 0,
          "AOE": 2430.0573302194534,
          "Control": 36.450859953291804,
          "SurviveScale": 0.9,
          "PF": 2219.857371155471
        }
      },
      "totalPF": 1469.7171550063563
    },
    {
      "operativeId": "tech_warrior",
      "operativeName": "Tech Warrior",
      "defaultWeapon": 23,
      "scenarios": {
        "BOSS": {
          "ST": 1175.291794285714,
          "AOE": 0,
          "Control": 0,