{
  "generatedAt": "2025-09-05T20:36:03.649Z",
  "level": 7,
  "timeMinutes": 15,
  "config": {
    "level": 7,
    "timeMinutes": 15,
    "weights": {
      "BOSS": 0.35,
      "ELITE": 0.25,
      "HORDE": 0.4
    },
    "reliability": {
      "pHit": {
        "BOSS": 0.95,
        "ELITE": 0.92,
        "HORDE": 0.9
      },
      "pChain": {
        "BOSS": 0.2,
        "ELITE": 0.6,
        "HORDE": 0.9
      },
      "overlapEff": {
        "BOSS": 1,
        "ELITE": 0.9,
        "HORDE": 0.8
      },
      "uptime": {
        "BOSS": 0.9,
        "ELITE": 0.9,
        "HORDE": 0.85
      }
    },
    "density": {
      "rho": {
        "BOSS": 0,
        "ELITE": 0.000025,
        "HORDE": 0.000066
      },
      "enemyRadiusPx": 20
    },
    "survivability": {
      "kSurv": 0.5,
      "kSustain": 0.5,
      "ehpRef": 110,
      "hpmRef": 20,
      "clampMin": 0.9,
      "clampMax": 1.1
    },
    "evaluateEvolved": true
  },
  "results": [
    {
      "operativeId": "ghost_operative",
      "operativeName": "Ghost Operative",
      "defaultWeapon": 36,
      "scenarios": {
        "BOSS": {
          "ST": 827.9050499999998,
          "AOE": 1986.9721199999997,
          "Control": 0,
          "SurviveScale": 0.9,
          "PF": 2533.389453
        },
        "ELITE": {
          "ST": 801.76068,
          "AOE": 2309.0707584000006,
          "Control": 0,
          "SurviveScale": 0.9,
          "PF": 2799.7482945600004
        },
        "HORDE": {
          "ST": 740.75715,
          "AOE": 2370.42288,
          "Control": 0,
          "SurviveScale": 0.9,
          "PF": 2800.062027
        }
      },
      "totalPF": 2706.64819299
    },
    {
      "operativeId": "titan_mech",
      "operativeName": "Titan Mech",
      "defaultWeapon": 39,
      "scenarios": {
        "BOSS": {
          "ST": 355.38186521739135,
          "AOE": 0,
          "Control": 0,
          "SurviveScale": 0.9981818181818182,
          "PF": 354.73571637154157
        },
        "ELITE": {
          "ST": 344.1592800000001,
          "AOE": 1057.0866323637276,
          "Control": 0,
          "SurviveScale": 0.9981818181818182,
          "PF": 1398.6981925230664
        },
        "HORDE": {
          "ST": 317.973247826087,
          "AOE": 2720.0903534726617,
          "Control": 0,
          "SurviveScale": 0.9981818181818182,
          "PF": 3032.5398492963873
        }
      },
      "totalPF": 1686.8479885793613
    },
    {
      "operativeId": "wasteland_scavenger",
      "operativeName": "Wasteland Scavenger",
      "defaultWeapon": 21,
      "scenarios": {
        "BOSS": {
          "ST": 566.4670363636363,
          "AOE": 679.7604436363637,
          "Control": 27.190417745454546,
          "SurviveScale": 0.9,
          "PF": 1146.076107970909
        },
        "ELITE": {
          "ST": 466.29181309090916,
          "AOE": 912.0288424744094,
          "Control": 36.48115369897638,
          "SurviveScale": 0.9,
          "PF": 1273.3216283378656
        },
        "HORDE": {
          "ST": 253.4194636363636,
          "AOE": 1977.3842729590096,
          "Control": 79.09537091836039,
          "SurviveScale": 0.9,
          "PF": 2078.9091967623604
        }
      },
      "totalPF": 1551.0207235792286
    },
    {
      "operativeId": "data_sorcerer",
      "operativeName": "Data Sorcerer",
      "defaultWeapon": 34,
      "scenarios": {
        "BOSS": {
          "ST": 622.5148862068966,
          "AOE": 1245.0297724137934,
          "Control": 22.410535903448274,
          "SurviveScale": 0.9,
          "PF": 1700.9596750717244
        },
        "ELITE": {
          "ST": 602.8565213793104,
          "AOE": 1024.8560863448279,
          "Control": 21.702834769655173,
          "SurviveScale": 0.9,
          "PF": 1484.4738982444142
        },
        "HORDE": {
          "ST": 556.9870034482759,
          "AOE": 1031.0943407834488,
          "Control": 20.051532124137932,
          "SurviveScale": 0.9,
          "PF": 1447.3195887202767
        }
      },
      "totalPF": 1545.3821963243176
    },
    {
      "operativeId": "shadow_operative",
      "operativeName": "Shadow Operative",
      "defaultWeapon": 37,
      "scenarios": {
        "BOSS": {
          "ST": 81.10996363636363,
          "AOE": 527.2147636363636,
          "Control": 28.38848727272727,
          "SurviveScale": 0.9,
          "PF": 573.0418930909091
        },
        "ELITE": {
          "ST": 66.7663069090909,
          "AOE": 1219.981240655568,
          "Control": 62.962776941869315,
          "SurviveScale": 0.9,
          "PF": 1214.7392920558755
        },
        "HORDE": {
          "ST": 36.286036363636356,
          "AOE": 2693.9259724780004,
          "Control": 136.51060044208185,
          "SurviveScale": 0.9,
          "PF": 2580.0503483553466
        }
      },
      "totalPF": 1536.2696249379258
    },
    {
      "operativeId": "heavy_gunner",
      "operativeName": "Heavy Gunner",
      "defaultWeapon": 29,
      "scenarios": {
        "BOSS": {
          "ST": 1755.9990000000003,
          "AOE": 0,
          "Control": 0,
          "SurviveScale": 0.9,
          "PF": 1580.3991000000003
        },
        "ELITE": {
          "ST": 1700.5464000000004,
          "AOE": 0,
          "Control": 0,
          "SurviveScale": 0.9,
          "PF": 1530.4917600000003
        },
        "HORDE": {
          "ST": 1571.1570000000002,
          "AOE": 0,
          "Control": 0,
          "SurviveScale": 0.9,
          "PF": 1414.0413
        }
      },
      "totalPF": 1501.3791450000003
    },
    {
      "operativeId": "psionic_weaver",
      "operativeName": "Psionic Weaver",
      "defaultWeapon": 26,
      "scenarios": {
        "BOSS": {
          "ST": 0,
          "AOE": 756.4869,
          "Control": 45.389213999999996,
          "SurviveScale": 0.9,
          "PF": 721.6885026
        },
        "ELITE": {
          "ST": 0,
          "AOE": 1165.1465210409988,
          "Control": 69.90879126245993,
          "SurviveScale": 0.9,
          "PF": 1111.5497810731129
        },
        "HORDE": {
          "ST": 0,
          "AOE": 2526.1727470686005,
          "Control": 151.570364824116,
          "SurviveScale": 0.9,
          "PF": 2409.968800703445
        }
      },
      "totalPF": 1494.4659414596563
    },
    {
      "operativeId": "neural_nomad",
      "operativeName": "Neural Nomad",
      "defaultWeapon": 35,
      "scenarios": {
        "BOSS": {
          "ST": 81.15403500000001,
          "AOE": 1576.096785,
          "Control": 78.80483925,
          "SurviveScale": 0.9,
          "PF": 1562.450093325
        },
        "ELITE": {
          "ST": 66.8025846,
          "AOE": 1373.6927768210526,
          "Control": 68.68463884105263,
          "SurviveScale": 0.9,
          "PF": 1358.262000235895
        },
        "HORDE": {
          "ST": 36.305752500000004,
          "AOE": 1516.4995061333561,
          "Control": 75.82497530666781,
          "SurviveScale": 0.9,
          "PF": 1465.7672105460215
        }
      },
      "totalPF": 1472.7299169411322
    },
    {
      "operativeId": "cyber_runner",
      "operativeName": "Cyber Runner",
      "defaultWeapon": 27,
      "scenarios": {
        "BOSS": {
          "ST": 2222.7777,
          "AOE": 0,
          "Control": 0,
          "SurviveScale": 0.9,
          "PF": 2000.4999300000002
        },
        "ELITE": {
          "ST": 1829.697012,
          "AOE": 0,
          "Control": 0,
          "SurviveScale": 0.9,
          "PF": 1646.7273108000002
        },
        "HORDE": {
          "ST": 994.4005499999998,
          "AOE": 0,
          "Control": 0,
          "SurviveScale": 0.9,
          "PF": 894.9604949999999
        }
      },
      "totalPF": 1469.8410012
    },
    {
      "operativeId": "bio_engineer",
      "operativeName": "Bio Engineer",
      "defaultWeapon": 30,
      "scenarios": {
        "BOSS": {
          "ST": 1019.0258265600002,